英文表名,中文表名,中文字段名,英文字段名,字段类型,是否必填
wt4,卫生统计表四,其他诊断,diags_code,string,必填
wt4,卫生统计表四,手术/操作,opers_code,string,必填
wt4,卫生统计表四,病历首页主键,b_wt4_v1_id,integer,必填
wt4,卫生统计表四,病案号,case_id,string,必填
wt4,卫生统计表四,年龄,age,integer,必填
wt4,卫生统计表四,单位负责人,chief,string,
wt4,卫生统计表四,填报人,typer,string,
wt4,卫生统计表四,填报人联系电话,typer_tel,string,
wt4,卫生统计表四,填报日期,date_submit,string,
wt4,卫生统计表四,姓名,name_patient,string,
wt4,卫生统计表四,性别代码,gender,integer,必填
wt4,卫生统计表四,出生日期,birthday,string,
wt4,卫生统计表四,国籍代码,nation,string,
wt4,卫生统计表四,年龄不足1周岁天数,sf0100,integer,
wt4,卫生统计表四,新生儿入院体重(克),sf0102,integer,
wt4,卫生统计表四,民族代码,nationality,string,
wt4,卫生统计表四,身份证号,resident_id,string,
wt4,卫生统计表四,婚姻状况代码,marrage,integer,
wt4,卫生统计表四,出生地省（区、市）,var2,string,
wt4,卫生统计表四,出生地市,addr_birth_city,string,
wt4,卫生统计表四,出生地县,addr_birth_country,string,
wt4,卫生统计表四,籍贯省（区、市）,addr_original_province,string,
wt4,卫生统计表四,籍贯市,addr_original_city,string,
wt4,卫生统计表四,户籍省（区、市）,addr_hukou_province,string,
wt4,卫生统计表四,户籍市,addr_hukou_city,string,
wt4,卫生统计表四,户籍县,addr_hukou_country,string,
wt4,卫生统计表四,户籍详细地址,hukou_address,string,
wt4,卫生统计表四,户籍地址区县编码,hukou_zone_code,string,
wt4,卫生统计表四,户籍街道乡镇代码,streetcodes,string,
wt4,卫生统计表四,户籍地址邮政编码,hukou_address_postcode,string,
wt4,卫生统计表四,现住址详细地址（居住半年以上）,var3,string,
wt4,卫生统计表四,现住址省（区、市）（居住半年以上）,addr_present_province,string,
wt4,卫生统计表四,现住址市,addr_present_city,string,
wt4,卫生统计表四,现住址县,addr_present_country,string,
wt4,卫生统计表四,现住址区县编码（居住半年以上）,addr_id,string,
wt4,卫生统计表四,现住址街道乡镇代码（居住半年以上）,streetcodes2,string,
wt4,卫生统计表四,现住址电话,addr_present_telinteger,string,
wt4,卫生统计表四,现住址邮政编码（居住半年以上）,var1,string,
wt4,卫生统计表四,职业代码,profession_code,string,
wt4,卫生统计表四,工作单位及地址,company_address,string,
wt4,卫生统计表四,工作单位电话,teleinteger,string,
wt4,卫生统计表四,工作单位邮政编码,postcode,string,
wt4,卫生统计表四,联系人姓名,contact_person,string,
wt4,卫生统计表四,联系人关系代码,relationship,string,
wt4,卫生统计表四,联系人地址,contact_address,string,
wt4,卫生统计表四,联系人电话,contact_tele,string,
wt4,卫生统计表四,医疗付费方式代码,payment_methods,string,
wt4,卫生统计表四,医疗保险手册(卡)号(健康卡号),insurance_code,string,
wt4,卫生统计表四,住院次数,inhouse_treatment,integer,
wt4,卫生统计表四,入院时间（时）,date_inhospital,string,
wt4,卫生统计表四,入院科别代码,department_code1,string,
wt4,卫生统计表四,入院病房,room,string,
wt4,卫生统计表四,入院医院内部科室代码,inhos_deptcode,string,
wt4,卫生统计表四,入院医院内部科室名称,inhos_deptname,string,
wt4,卫生统计表四,入院途径,in_hosppath,string,
wt4,卫生统计表四,出院时间（时）,out_date,string,
wt4,卫生统计表四,出院科别代码,department_code2,string,
wt4,卫生统计表四,出院病房,room1,string,
wt4,卫生统计表四,实际住院(天),acctual_days,integer,必填
wt4,卫生统计表四,出院医院内部科室代码,outhos_deptcode,string,
wt4,卫生统计表四,出院医院内部科室名称,outhos_deptname,string,
wt4,卫生统计表四,转经科别代码,exchange_department_code,string,
wt4,卫生统计表四,门(急)诊诊断编码(ICD-10),disease_code4,string,
wt4,卫生统计表四,门（急）诊诊断名称,disease_code4_des,string,
wt4,卫生统计表四,出院时主要诊断编码(ICD-10),disease_code1,string,
wt4,卫生统计表四,出院主要诊断名称,goout_diagnose_name,string,
wt4,卫生统计表四,入院病情,in_status,string,
wt4,卫生统计表四,病理诊断编码(M码),diagnose_theory,string,
wt4,卫生统计表四,病理诊断名称,diagnose_theory_name,string,
wt4,卫生统计表四,病理号,pathology_id,string,
wt4,卫生统计表四,最高诊断依据代码,cause_reason,string,
wt4,卫生统计表四,分化程度编码,fh_code,string,
wt4,卫生统计表四,损伤和中毒外部原因编码(ICD-10),disease_code3,string,
wt4,卫生统计表四,损伤和中毒外部原因名称,external_name,string,
wt4,卫生统计表四,肿瘤分期是否不详,is_staging,string,
wt4,卫生统计表四,肿瘤分期 T,staging_t,string,
wt4,卫生统计表四,肿瘤分期 N,staging_n,string,
wt4,卫生统计表四,肿瘤分期 M,staging_m,string,
wt4,卫生统计表四,0～Ⅳ肿瘤分期,staging_seq,string,
wt4,卫生统计表四,手术日期时间（开始）,operation_date,string,
wt4,卫生统计表四,手术日期时间（完成）,operation_edate,string,
wt4,卫生统计表四,术者（手术操作医师姓名）,operation_doctor,string,
wt4,卫生统计表四,Ⅰ助姓名,first_assistant,string,
wt4,卫生统计表四,Ⅱ助姓名,second_assistant,string,
wt4,卫生统计表四,麻醉方式代码,hocus,string,
wt4,卫生统计表四,切口愈合等级代码,closeup,string,
wt4,卫生统计表四,麻醉医师姓名,hocus_doctor,string,
wt4,卫生统计表四,手术级别代码,operation_level,string,
wt4,卫生统计表四,手术、操作,isoperation,string,
wt4,卫生统计表四,手术及操作编码(ICD-9-CM3),operation_code,string,
wt4,卫生统计表四,手术及操作名称,operation_name,string,
wt4,卫生统计表四,是否主要术式,isshushi,string,
wt4,卫生统计表四,是否主要手术或操作,isprimary,string,
wt4,卫生统计表四,有无药物过敏,is_medicine_sense,string,
wt4,卫生统计表四,过敏药物,medicine_sense_name,string,
wt4,卫生统计表四,病案质量代码,case_quality,string,
wt4,卫生统计表四,质控医师姓名,qc_doctor,string,
wt4,卫生统计表四,质控护士姓名,qc_nurse,string,
wt4,卫生统计表四,病案质量检查日期,qc_date,string,
wt4,卫生统计表四,科主任姓名,cherf_department,string,
wt4,卫生统计表四,主(副主)任医师姓名,professor,string,
wt4,卫生统计表四,主治医师姓名,engineer,string,
wt4,卫生统计表四,主诊医师执业证书编码,doctor_certification,string,
wt4,卫生统计表四,主诊医师姓名（主管医师姓名）,director_doctor,string,
wt4,卫生统计表四,住院医师姓名,doctor_name,string,
wt4,卫生统计表四,进修医师姓名,intern_doctor_name,string,
wt4,卫生统计表四,实习医师姓名,intern,string,
wt4,卫生统计表四,编码员姓名,coder,string,
wt4,卫生统计表四,责任护士姓名,duty_nursename,string,
wt4,卫生统计表四,血型代码,bloodtype,integer,
wt4,卫生统计表四,Rh 代码,rh,integer,
wt4,卫生统计表四,红细胞(单位),redcell,integer,
wt4,卫生统计表四,血小板(袋),plaque,integer,
wt4,卫生统计表四,血浆(ml),plasma,integer,
wt4,卫生统计表四,全血(ml),total_blood,integer,必填
wt4,卫生统计表四,其它(ml),others,integer,
wt4,卫生统计表四,颅脑损伤患者入院前昏迷时间（天）,before_cerebrumhurt_days,integer,
wt4,卫生统计表四,颅脑损伤患者入院前昏迷时间(小时),before_cerebrumhurt_hours,integer,
wt4,卫生统计表四,颅脑损伤患者入院前昏迷时间(分钟),before_cerebrumhurt_minutes,integer,
wt4,卫生统计表四,颅脑损伤患者入院后昏迷时间（天）,after_cerebrumhurt_days,integer,
wt4,卫生统计表四,颅脑损伤患者入院后昏迷时间(小时),after_cerebrumhurt_hours,integer,
wt4,卫生统计表四,颅脑损伤患者入院后昏迷时间(分钟),after_cerebrumhurt_minutes,integer,
wt4,卫生统计表四,重症监护室代码,unitcode,string,
wt4,卫生统计表四,监护室进入日期时间,indate,string,
wt4,卫生统计表四,监护室退出日期时间,outdate,string,
wt4,卫生统计表四,呼吸机使用时间(小时),sf0104,integer,
wt4,卫生统计表四,新生儿出生体重(克),sf0101,integer,
wt4,卫生统计表四,新生儿出生缺陷诊断编码(ICD-10),disabled_diagnose_code,string,
wt4,卫生统计表四,新生儿出生缺陷诊断名称,disabled_diagnose_name,string,
wt4,卫生统计表四,离院方式代码,sf0108,string,
wt4,卫生统计表四,医嘱转院、转社区、卫生院机构名称,transtoorgname,string,
wt4,卫生统计表四,是否有出院31日内再住院计划,is_inhosp31,string,
wt4,卫生统计表四,31日内再住院目的,inhosp31object,string,
wt4,卫生统计表四,是否尸检代码,is_bodycheck,string,
wt4,卫生统计表四,日常生活能力评定量得分（入院）,inhospscore,float,
wt4,卫生统计表四,日常生活能力评定量得分（出院）,outhospscore,float,
wt4,卫生统计表四,备注,memo,string,
wt4,卫生统计表四,总费用,total_expense,float,
wt4,卫生统计表四,自付金额,selfpayment_expense,float,
wt4,卫生统计表四,诊察（诊疗）费,examine_expense,float,
wt4,卫生统计表四,一般检查费,check_normal_expense,float,
wt4,卫生统计表四,临床物理治疗费,cure_clinical_expense,float,
wt4,卫生统计表四,介入治疗费,cure_intrude_expense,float,
wt4,卫生统计表四,特殊治疗费,cure_special_expense,float,
wt4,卫生统计表四,康复治疗费,cure_recover_expense,float,
wt4,卫生统计表四,中医治疗费,cure_chinese_expense,float,
wt4,卫生统计表四,一般治疗费,cure_normal_expense,float,
wt4,卫生统计表四,精神治疗费,cure_mind_expense,float,
wt4,卫生统计表四,接生费,deliver_expense,float,
wt4,卫生统计表四,麻醉费,horus_expense,float,
wt4,卫生统计表四,手术费,operation_expense,float,
wt4,卫生统计表四,护理治疗费,cure_tend_expense,float,
wt4,卫生统计表四,护理费,bed_tend_expense,float,
wt4,卫生统计表四,核素检查,check_nucleus_expense,float,
wt4,卫生统计表四,核素治疗,cure_nucleus_expense,float,
wt4,卫生统计表四,超声费,ultrasound_expense,float,
wt4,卫生统计表四,放射费,radiate_expense,float,
wt4,卫生统计表四,化验费,check_expense,float,
wt4,卫生统计表四,病理费,pathology_expense,float,
wt4,卫生统计表四,监护及辅助呼吸费,auxiliary_expense,float,
wt4,卫生统计表四,治疗用一次性医用材料费,stuff_cure_expense,float,
wt4,卫生统计表四,介入用一次性医用材料费,stuff_intrude_expense,float,
wt4,卫生统计表四,手术用一次性医用材料费,stuff_surgery_expense,float,
wt4,卫生统计表四,检查用一次性医用材料费,stuff_check_expense,float,
wt4,卫生统计表四,床位费,bed_expense,float,
wt4,卫生统计表四,挂号费,register_expense,float,
wt4,卫生统计表四,输氧费,oxygen_expense,float,
wt4,卫生统计表四,输血费,transfusion_expense,float,
wt4,卫生统计表四,西药费,western_medicine_expense,float,
wt4,卫生统计表四,抗菌药物费,antiseptic_medicine_expense,float,
wt4,卫生统计表四,白蛋白类制品费,product_albumin_expense,float,
wt4,卫生统计表四,球蛋白类制品费,product_globulin_expense,float,
wt4,卫生统计表四,凝血因子类制品费,product_blood_expense,float,
wt4,卫生统计表四,细胞因子类制品费,product_cell_expense,float,
wt4,卫生统计表四,中成药费,chinese_medicine_expense1,float,
wt4,卫生统计表四,个人费用,self_expense,float,
wt4,卫生统计表四,医保费用,heal_expense,float,
wt4,卫生统计表四,中草药费,chinese_medicine_expense2,float,
wt4,卫生统计表四,年份,year_time,string,
wt4,卫生统计表四,半年,half_year,string,
wt4,卫生统计表四,季度,season_time,string,
wt4,卫生统计表四,月度,month_time,string,
wt4,卫生统计表四,机构,org,string,
wt4,卫生统计表四,科室,department,string,
wt4,卫生统计表四,DRG,drg,string,
wt4,卫生统计表四,ADRG,adrg,string,
wt4,卫生统计表四,MDC,mdc,string,
wt4,卫生统计表四,其他费用,other_expense,float,
mdc,MDC规则表,编码,code,string,
mdc,MDC规则表,名称,name,string,
mdc,MDC规则表,MDC编码,mdc,string,
mdc,MDC规则表,机构,org,string,
mdc,MDC规则表,年份,year,string,
mdc,MDC规则表,版本,version,string,
mdc,MDC规则表,平台,plat,string,
adrg,ADRG规则表,编码,code,string,
adrg,ADRG规则表,名称,name,string,
adrg,ADRG规则表,MDC编码,mdc,string,
adrg,ADRG规则表,机构,org,string,
adrg,ADRG规则表,年份,year,string,
adrg,ADRG规则表,版本,version,string,
adrg,ADRG规则表,平台,plat,string,
drg,DRG规则表,编码,code,string,
drg,DRG规则表,名称,name,string,
drg,DRG规则表,MDC编码,mdc,string,
drg,DRG规则表,机构,org,string,
drg,DRG规则表,年份,year,string,
drg,DRG规则表,版本,version,string,
drg,DRG规则表,平台,plat,string,
drg,DRG规则表,ADRG编码,adrg,string,
icd9,手术操作规则表,编码,code,string,
icd9,手术操作规则表,名称,name,string,
icd9,手术操作规则表,CN编码,codes,string,
icd9,手术操作规则表,手术室手术,p_type,integer,
icd9,手术操作规则表,属性,property,string,
icd9,手术操作规则表,手术类型,option,string,
icd9,手术操作规则表,机构,org,string,
icd9,手术操作规则表,年份,year,string,
icd9,手术操作规则表,版本,version,string,
icd9,手术操作规则表,平台,plat,string,
icd10,诊断规则表,编码,code,string,
icd10,诊断规则表,名称,name,string,
icd10,诊断规则表,CN编码,codes,string,
icd10,诊断规则表,部位,dissect,string,
icd10,诊断规则表,CC,cc,boolean,
icd10,诊断规则表,MCC,mcc,boolean,
icd10,诊断规则表,机构,org,string,
icd10,诊断规则表,年份,year,string,
icd10,诊断规则表,版本,version,string,
icd10,诊断规则表,平台,plat,string,
stat,统计分析表,时间,time,string,
stat,统计分析表,机构,org,string,
stat,统计分析表,机构,true_org,string,
stat,统计分析表,DRG,drg,string,
stat,统计分析表,DRG,drg2,string,
stat,统计分析表,名称,name,string,
stat,统计分析表,病历数,num_sum,integer,
stat,统计分析表,死亡人数,death_num,integer,
stat,统计分析表,死亡率,death_rate,float,
stat,统计分析表,死亡率对数,death_rate_log,float,
stat,统计分析表,icd10病历数,icd10_num,integer,
stat,统计分析表,平均住院日,day_avg,float,
stat,统计分析表,平均费用,fee_avg,float,
stat,统计分析表,总权重,weight_count,float,
stat,统计分析表,费用消耗指数,fee_index,float,
stat,统计分析表,时间消耗指数,day_index,float,
stat,统计分析表,CMI,cmi,float,
stat,统计分析表,平均死亡年龄,death_age_avg,float,
stat,统计分析表,权重,weight,float,
stat,统计分析表,死亡风险等级,death_level,string,
stat,统计分析表,时间维度,time_type,string,
stat,统计分析表,机构维度,org_type,string,
stat,统计分析表,病种维度,etype,string,
stat,统计分析表,mdc编码,mdc_code,string,
stat,统计分析表,时间排序,int_time,integer,
stat,统计分析表,诊断相关组数,zdxg_num,integer,
stat,统计分析表,临床物理治疗病历数,wlzl_num,integer,
stat,统计分析表,介入治疗病历数,jrzl_num,integer,
stat,统计分析表,特殊治疗病历数,tszl_num,integer,
stat,统计分析表,康复治疗病历数,kfzl_num,integer,
stat,统计分析表,中医治疗病历数,zyzl_num,integer,
stat,统计分析表,一般治疗病历数,ybzl_num,integer,
stat,统计分析表,精神治疗病历数,szl_num,integer,
stat,统计分析表,临床物理治疗占比,wlzl_rate,float,
stat,统计分析表,介入治疗占比,jrzl_rate,float,
stat,统计分析表,特殊治疗占比,tszl_rate,float,
stat,统计分析表,康复治疗占比,kfzl_rate,float,
stat,统计分析表,中医治疗占比,zyzl_rate,float,
stat,统计分析表,一般治疗占比,ybzl_rate,float,
stat,统计分析表,精神治疗占比,jszl_rate,float,
stat,统计分析表,心脏监护室（CCU）总人数,ccu_num,integer,
stat,统计分析表,呼吸监护室（RICU）总人数,ricu_num,integer,
stat,统计分析表,外科监护室（SICU）总人数,sicu_num,integer,
stat,统计分析表,新生儿监护室（NICU）总人数,nicu_num,integer,
stat,统计分析表,儿科监护室（PICU）总人数,picu_num,integer,
stat,统计分析表,其他监护室总人数,other_num,integer,
stat,统计分析表,心脏监护室（CCU）总人数占比,ccu_rate,float,
stat,统计分析表,呼吸监护室（RICU）总人数占比,ricu_rate,float,
stat,统计分析表,外科监护室（SICU）总人数占比,sicu_rate,float,
stat,统计分析表,新生儿监护室（NICU）总人数占比,nicu_rate,float,
stat,统计分析表,儿科监护室（PICU）总人数占比,picu_rate,float,
stat,统计分析表,其他监护室总人数占比,other_rate,float,
stat,统计分析表,实际开放总床日数,sjkfzc_num,integer,
stat,统计分析表,实际占用总床日数,sjzyzc_num,integer,
stat,统计分析表,出院者占用总床日数,cyzzyzc_num,integer,
stat,统计分析表,平均开放病床数,pjkfbc_num,integer,
stat,统计分析表,病床周转次数,bczz_num,integer,
stat,统计分析表,病床工作日,bcgzr_num,integer,
stat,统计分析表,出院者平均住院日,cyzpjzy_num,integer,
stat,统计分析表,病床使用率,bcsy_rate,float,
stat,统计分析表,医疗使用病历数,ylsy_num,integer,
stat,统计分析表,诊疗病历数,zl_num,integer,
stat,统计分析表,诊疗占比,zl_rate,float,
stat,统计分析表,一般检查病历数,jc_num,integer,
stat,统计分析表,一般检查占比,jc_rate,float,
stat,统计分析表,接生病历数,js_num,integer,
stat,统计分析表,接生占比,js_rate,float,
stat,统计分析表,医技使用病历数,yjsy_num,integer,
stat,统计分析表,核素检查病历数,hsjc_num,integer,
stat,统计分析表,核素治疗病历数,hszl_num,integer,
stat,统计分析表,超声治疗病历数,cszl_num,integer,
stat,统计分析表,放射治疗病历数,fszl_num,integer,
stat,统计分析表,化验病历数,hy_num,integer,
stat,统计分析表,病理病历数,bl_num,integer,
stat,统计分析表,医技使用病历数占比,yjsy_rate,float,
stat,统计分析表,核素检查占比,hsjc_rate,float,
stat,统计分析表,核素治疗占比,hszl_rate,float,
stat,统计分析表,超声治疗占比,cszl_rate,float,
stat,统计分析表,放射治疗占比,fszl_rate,float,
stat,统计分析表,化验占比,hy_rate,float,
stat,统计分析表,病理检验占比,bl_rate,float,
stat,统计分析表,核素检查费,hsjc_expense,float,
stat,统计分析表,核素治疗费,hszl_expense,float,
stat,统计分析表,超声费,cs_expense,float,
stat,统计分析表,放射费,fs_expense,float,
stat,统计分析表,化验费,hy_expense,float,
stat,统计分析表,病理费,bl_expense,float,
stat,统计分析表,例均核素检查费,avg_hsjc,float,
stat,统计分析表,例均核素治疗费,avg_hszl,float,
stat,统计分析表,例均超声费,avg_cs,float,
stat,统计分析表,例均放射费,avg_fs,float,
stat,统计分析表,例均化验费,avg_hy,float,
stat,统计分析表,例均病理费,avg_bl,float,
stat,统计分析表,核素检查费占比,hsjc_rate,float,
stat,统计分析表,核素治疗费占比,hszl_rate,float,
stat,统计分析表,超声费占比,csf_rate,float,
stat,统计分析表,放射费占比,fsf_rate,float,
stat,统计分析表,化验费占比,hyf_rate,float,
stat,统计分析表,病理费占比,blf_rate,float,
stat,统计分析表,监护及辅助病历数,jhfz_num,integer,
stat,统计分析表,监护及辅助占比,jhfz_rate,float,
stat,统计分析表,输血病历数,sx_num,integer,
stat,统计分析表,输血占比,sx_rate,float,
stat,统计分析表,输氧使用病历数,sy_num,integer,
stat,统计分析表,输氧人数占比,sy_rate,float,
stat,统计分析表,低风险组病历数,dfx_num,integer,
stat,统计分析表,低风险组死亡人数,dfxsw_num,integer,
stat,统计分析表,低风险组死亡率,dfxsw_rate,float,
stat,统计分析表,低风险平均死亡年龄,dfx_age,float,
stat,统计分析表,低风险组有尸检病历数,ysj_num,integer,
stat,统计分析表,低风险组无尸检病历数,wsj_num,integer,
stat,统计分析表,中低风险组病历数,zdfx_num,integer,
stat,统计分析表,中低风险组死亡人数,zdfxsw_num,integer,
stat,统计分析表,中低风险组死亡率,zdfxsw_rate,float,
stat,统计分析表,中低风险平均死亡年龄,zdfx_age,float,
stat,统计分析表,中低风险组有尸检病历数,zdysj_num,integer,
stat,统计分析表,中低风险组无尸检病历数,zdwsj_num,integer,
stat,统计分析表,中高风险组病历数,zgfx_num,integer,
stat,统计分析表,中高风险组死亡人数,zgfxsw_num,integer,
stat,统计分析表,中高风险组死亡率,zgfxsw_rate,float,
stat,统计分析表,中高风险平均死亡年龄,zgfx_age,float,
stat,统计分析表,中高风险组有尸检病历数,zgysj_num,integer,
stat,统计分析表,中高风险组无尸检病历数,zgwsj_num,integer,
stat,统计分析表,高风险组病历数,gfx_num,integer,
stat,统计分析表,高风险组死亡人数,gfxsw_num,integer,
stat,统计分析表,高风险组死亡率,gfxsw_rate,float,
stat,统计分析表,高风险组死亡年龄,gfx_age,float,
stat,统计分析表,高风险组有尸检病历数,gysj_num,integer,
stat,统计分析表,高风险组无尸检病历数,gwsj_num,integer,
stat,统计分析表,医疗总费用,yl_expense,float,
stat,统计分析表,诊察（诊疗）费,zl_expense,float,
stat,统计分析表,一般检查费,ybjc_expense,float,
stat,统计分析表,接生费,js_expense,float,
stat,统计分析表,麻醉费,mz_expense,float,
stat,统计分析表,手术费,ss_expense,float,
stat,统计分析表,例均医疗费用,avg_yl,float,
stat,统计分析表,例均诊察(诊疗)费,avg_zl,float,
stat,统计分析表,例均一般检查费,avg_ybjc,float,
stat,统计分析表,例均接生费,avg_js,float,
stat,统计分析表,例均麻醉费,avg_mz,float,
stat,统计分析表,例均手术费,avg_ss,float,
stat,统计分析表,医疗费用占比,yl_rate,float,
stat,统计分析表,诊察（诊疗）费占比,zlf_rate,float,
stat,统计分析表,一般检查费占比,ybjcf_rate,float,
stat,统计分析表,接生费占比,jsf_rate,float,
stat,统计分析表,麻醉费占比,mzf_rate,float,
stat,统计分析表,手术费占比,ssf_rate,float,
stat,统计分析表,介入治疗费,jrzl_expense,float,
stat,统计分析表,特殊治疗费,tszl_expense,float,
stat,统计分析表,康复治疗费,kfzl_expense,float,
stat,统计分析表,中医治疗费,zyzl_expense,float,
stat,统计分析表,一般治疗费,ybzl_expense,float,
stat,统计分析表,精神治疗费,jszl_expense,float,
stat,统计分析表,临床物理治疗费,wlzl_expense,float,
stat,统计分析表,例均介入治疗费,avg_jrzl,float,
stat,统计分析表,例均特殊治疗费,avg_tszl,float,
stat,统计分析表,例均康复治疗费,avg_kfzl,float,
stat,统计分析表,例均中医治疗费,avg_zyzl,float,
stat,统计分析表,例均一般治疗费,avg_ybzl,float,
stat,统计分析表,例均精神治疗费,avg_jszl,float,
stat,统计分析表,例均临床物理治疗费,avg_wlzl,float,
stat,统计分析表,介入治疗费占比,jrzlf_rate,float,
stat,统计分析表,特殊治疗费占比,tszlf_rate,float,
stat,统计分析表,康复治疗费占比,kfzlf_rate,float,
stat,统计分析表,中医治疗费占比,zyzlf_rate,float,
stat,统计分析表,一般治疗费占比,ybzlf_rate,float,
stat,统计分析表,精神治疗费占比,jszlf_rate,float,
stat,统计分析表,临床物理治疗费占比,wlzlf_rate,float,
stat,统计分析表,管理总额,glze_expense,float,
stat,统计分析表,监护及辅助呼吸费,jhfz_expense,float,
stat,统计分析表,床位费,cw_expense,float,
stat,统计分析表,挂号费,gh_expense,float,
stat,统计分析表,输氧费,sy_expense,float,
stat,统计分析表,其他费用,other_expense,float,
stat,统计分析表,例均管理总额,avg_glze,float,
stat,统计分析表,例均监护及辅助呼吸费,avg_jhfz,float,
stat,统计分析表,例均床位费,avg_cw,float,
stat,统计分析表,例均挂号费,avg_gh,float,
stat,统计分析表,例均输氧费,avg_sy,float,
stat,统计分析表,例均其他费用,avg_other,float,
stat,统计分析表,管理总额占比,glze_rate,float,
stat,统计分析表,监护及辅助呼吸费占比,jhfzf_rate,float,
stat,统计分析表,床位费占比,cwf_rate,float,
stat,统计分析表,挂号费占比,ghf_rate,float,
stat,统计分析表,输氧费占比,syf_rate,float,
stat,统计分析表,其他费用占比,otherf_rate,float,
stat,统计分析表,中成药费,zc_expense,float,
stat,统计分析表,中草药费,zcy_expense,float,
stat,统计分析表,例均中成药费,avg_zc,float,
stat,统计分析表,例均中草药费,avg_zcy,float,
stat,统计分析表,中成药费占比,zc_rate,float,
stat,统计分析表,中草药费占比,zcy_rate,float,
stat,统计分析表,护理总额,hlze_num,integer,
stat,统计分析表,护理治疗费,hlzl_num,integer,
stat,统计分析表,护理费,hlf_num,integer,
stat,统计分析表,例均护理总额,hlzl_avg,float,
stat,统计分析表,例均护理治疗费,hlf_avg,float,
stat,统计分析表,护理总额占比,hlze_rate,float,
stat,统计分析表,护理治疗费占比,hlzl_rate,float,
stat,统计分析表,护理费占比,hlf_rate,float,
stat,统计分析表,输血费,sx_expense,float,
stat,统计分析表,西药费,xy_expense,float,
stat,统计分析表,抗菌药物费,kjy_expense,float,
stat,统计分析表,白蛋白类制品费,bdb_expense,float,
stat,统计分析表,球蛋白类制品费,qdb_expense,float,
stat,统计分析表,凝血因子类制品费,nxyz_expense,float,
stat,统计分析表,细胞因子类制品费,xbyz_expense,float,
stat,统计分析表,例均输血费,avg_sxf,float,
stat,统计分析表,例均西药费,avg_xyf,float,
stat,统计分析表,例均抗菌药物费,avg_kjy,float,
stat,统计分析表,例均白蛋白类制品费,avg_bdb,float,
stat,统计分析表,例均球蛋白类制品费,avg_qdb,float,
stat,统计分析表,例均凝血因子类制品费,avg_nxyz,float,
stat,统计分析表,例均细胞因子类制品费,avg_xbyz,float,
stat,统计分析表,输血费占比,sxf_rate,float,
stat,统计分析表,西药费占比,xyf_rate,float,
stat,统计分析表,抗菌药物费占比,kjy_rate,float,
stat,统计分析表,白蛋白类制品费占比,bdb_rate,float,
stat,统计分析表,球蛋白类制品费占比,qdb_rate,float,
stat,统计分析表,凝血因子类制品费占比,nxyz_rate,float,
stat,统计分析表,细胞因子类制品费占比,xbyz_rate,float,
stat,统计分析表,药品总额,ypzef,float,
stat,统计分析表,治疗用一次性医用材料费,zlyc_expense,float,
stat,统计分析表,介入用一次性医用材料费,jryc_expense,float,
stat,统计分析表,手术用一次性医用材料费,ssyc_expense,float,
stat,统计分析表,检查用一次性医用材料费,jcyc_expense,float,
stat,统计分析表,耗材成本,hc_expense,float,
stat,统计分析表,例均药品费用,avg_yp,float,
stat,统计分析表,例均治疗用一次性医用材料费,avg_zlyc,float,
stat,统计分析表,例均介入用一次性医用材料费,avg_jryc,float,
stat,统计分析表,例均手术用一次性医用材料费,avg_ssyc,float,
stat,统计分析表,例均检查用一次性医用材料费,avg_jcyc,float,
stat,统计分析表,例均耗材成本,avg_hc,float,
stat,统计分析表,药品总额占比,yp_rate,float,
stat,统计分析表,治疗用一次性医用材料费占比,zlyc_rate,float,
stat,统计分析表,介入用一次性医用材料费占比,jryc_rate,float,
stat,统计分析表,手术用一次性医用材料费占比,ssyc_rate,float,
stat,统计分析表,检查用一次性医用材料费占比,jcyc_rate,float,
stat,统计分析表,耗材成本率,hc_rate,float,
stat,统计分析表,有出院31日再入院计划患者数,is_inhosp31,integer,
stat,统计分析表,再住院计划患者率,inhosp_rate,float,
stat,统计分析表,出院当天再入院人数,num_num1,integer,
stat,统计分析表,出院当天再入院率,num_rate1,float,
stat,统计分析表,2-15再入院人数,num_num2,integer,
stat,统计分析表,2-15再入院率,num_rate2,float,
stat,统计分析表,16-31再入院人数,num_num3,integer,
stat,统计分析表,16-31再入院人率,num_rate3,float,
stat,统计分析表,医嘱离院患者总人数,yzly_num,integer,
stat,统计分析表,医嘱离院率,yzly_rate,float,
stat,统计分析表,医嘱转院患者总人数,yzzy_num,integer,
stat,统计分析表,医嘱转院率,yzzy_rate,float,
stat,统计分析表,医嘱转社区卫生服务机构/乡镇卫生院患者总人数,yzzsq_num,integer,
stat,统计分析表,医嘱转社区率,yzzsq_rate,float,
stat,统计分析表,非医嘱离院患者总人数,fyzly_num,integer,
stat,统计分析表,非医嘱离院率,fyzly_rate,float,
stat,统计分析表,入院诊断与出院诊断符合人数,rycyfh_num,integer,
stat,统计分析表,入院诊断与出院诊断符合率,rycyfh_rate,float,
stat,统计分析表,诊断与病理诊断符合人数,zdblfh_num,integer,
stat,统计分析表,诊断与病理诊断符合率,zdblfh_rate,float,
stat,统计分析表,入院诊断与手术诊断符合人数,ryssfh_num,integer,
stat,统计分析表,入院诊断与手术诊断符合率,ryssfh_rate,float,
stat,统计分析表,护理负性事件患者总数,hlfxsj_num,integer,
stat,统计分析表,输液意外损伤人数,syyw_num,integer,
stat,统计分析表,输液遗留体内异物人数,syyl_num,integer,
stat,统计分析表,输液无菌预防措施的失败人数,syyf_num,integer,
stat,统计分析表,输液时溶液稀释不当人数,syry_num,integer,
stat,统计分析表,输液器械的污染人数,sywr_num,integer,
stat,统计分析表,输液液体过量人数,sygl_num,integer,
stat,统计分析表,护理负性事件患者总数占比,hlfxsj_rate,float,
stat,统计分析表,输液意外损伤人数占比,syyw_rate,float,
stat,统计分析表,输液遗留体内异物人数占比,syyl_rate,float,
stat,统计分析表,输液无菌预防措施的失败人数占比,syyf_rate,float,
stat,统计分析表,输液时溶液稀释不当人数占比,syry_rate,float,
stat,统计分析表,输液器械的污染人数占比,sywr_rate,float,
stat,统计分析表,输液液体过量人数占比,sygl_rate,float,
stat,统计分析表,输血负性事件患者总数,sxfxsj_num,integer,
stat,统计分析表,输血意外损伤人数,sxyw_num,integer,
stat,统计分析表,输血遗留体内异物人数,sxyl_num,integer,
stat,统计分析表,输血无菌预防措施的失败人数,sxyf_num,integer,
stat,统计分析表,输血器械的污染人数,sxwr_num,integer,
stat,统计分析表,输血液体过量人数,sxgl_num,integer,
stat,统计分析表,输血负性事件患者总数占比,sxfxsj_rate,float,
stat,统计分析表,输血意外损伤人数占比,sxyw_rate,float,
stat,统计分析表,输血遗留体内异物人数占比,sxyl_rate,float,
stat,统计分析表,输血无菌预防措施的失败人数占比,sxyf_rate,float,
stat,统计分析表,输血器械的污染人数占比,sxwr_rate,float,
stat,统计分析表,输血液体过量人数占比,sxgl_rate,float,
stat,统计分析表,压疮患者总数,ychz_num,integer,
stat,统计分析表,Ⅰ度压疮患者数,odyc_num,integer,
stat,统计分析表,Ⅱ度压疮患者数,wdyc_num,integer,
stat,统计分析表,Ⅲ度压疮患者数,tdyc_num,integer,
stat,统计分析表,Ⅳ度压疮患者数,fdyc_num,integer,
stat,统计分析表,压疮患者总数占比,ychz_rate,float,
stat,统计分析表,Ⅰ度压疮患者占比,odyc_rate,float,
stat,统计分析表,Ⅱ度压疮患者占比,wdyc_rate,float,
stat,统计分析表,Ⅲ度压疮患者占比,tdyc_rate,float,
stat,统计分析表,Ⅳ度压疮患者占比,fdyc_rate,float,
stat,统计分析表,意外跌倒患者总数,ywdd_num,integer,
stat,统计分析表,意外跌倒患者总数占比,ycdd_rate,float,
stat,统计分析表,坠床患者总数,zc_num,integer,
stat,统计分析表,坠床患者总数占比,zc_rate,float,
stat,统计分析表,药物负性事件患者总数,ywfxsj_num,integer,
stat,统计分析表,药物负性事件患者总数占比,ywfxsj_rate,float,
stat,统计分析表,药物过量人数,ywgl_num,integer,
stat,统计分析表,药物过量占比,ywgl_rate,float,
stat,统计分析表,药物给错总人数,ywgc_num,integer,
stat,统计分析表,药物给错总人数占比,ywgc_rate,float,
stat,统计分析表,术前平均住院日,sqday_num,integer,
stat,统计分析表,术后平均住院日,shday_num,integer,
stat,统计分析表,非计划再次手术例数,fjh_num,integer,
stat,统计分析表,非计划再次手术例数占比,fjh_rate,float,
stat,统计分析表,重点手术例数,zdss_num,integer,
stat,统计分析表,死亡例数,sw_num,integer,
stat,统计分析表,死亡例数占比,sw_rate,float,
stat,统计分析表,切口裂开患者总人数,qklk_num,integer,
stat,统计分析表,切口裂开患者总人数占比,qklk_rate,float,
stat,统计分析表,切口感染患者总人数,qkgr_num,integer,
stat,统计分析表,切口感染率总人数占比,qkgr_rate,float,
stat,统计分析表,术后感染例数,shgr_num,integer,
stat,统计分析表,术后感染例数占比,shgr_rate,float,
stat,统计分析表,术后并发症例数,shbf_num,integer,
stat,统计分析表,术后并发症例数占比,shbf_rate,float,
stat,统计分析表,Ⅰ/甲切口愈合等级患者总人数,yjqk_num,integer,
stat,统计分析表,Ⅰ/甲切口愈合等级患者总人数占比,yjqk_rate,float,
stat,统计分析表,Ⅱ/甲切切口愈合等级患者总人数,ejqk_num,integer,
stat,统计分析表,Ⅱ/甲切切口愈合等级患者总人数占比,ejqk_rate,float,
stat,统计分析表,Ⅲ/甲切口愈合等级患者总人数,sjqk_num,integer,
stat,统计分析表,Ⅲ/甲切口愈合等级患者总人数占比,sjqk_rate,float,
stat,统计分析表,有手术，但体表无切口患者总人数,yss_num,integer,
stat,统计分析表,有手术，但体表无切口患者人数占比,yss_rate,float,
stat,统计分析表,Ⅰ/其他切口愈合等级患者总人数,yjqtqk_num,integer,
stat,统计分析表,Ⅰ/其他切口愈合等级患者总人数占比,yjqtqk_rate,float,
stat,统计分析表,Ⅱ/其他切口愈合等级患者总人数,ejqtqk_num,integer,
stat,统计分析表,Ⅱ/其他切口愈合等级患者总人数占比,ejqtqk_rate,float,
stat,统计分析表,Ⅲ/其他切口愈合等级患者总人数,sjqtqk_num,integer,
stat,统计分析表,Ⅲ/其他切口愈合等级患者总人数占比,sjqtqk_rate,float,
stat,统计分析表,Ⅰ/乙切口愈合等级患者总人数,yjyqk_num,integer,
stat,统计分析表,Ⅰ/乙切口愈合等级患者总人数占比,yjyqk_rate,float,
stat,统计分析表,Ⅱ/乙切切口愈合等级患者总人数,ejyqk_num,integer,
stat,统计分析表,Ⅱ/乙切切口愈合等级患者总人数占比,ejyqk_rate,float,
stat,统计分析表,Ⅲ/乙切口愈合等级患者总人数,sjyqk_num,integer,
stat,统计分析表,Ⅲ/乙切口愈合等级患者总人数占比,sjyqk_rate,float,
stat,统计分析表,Ⅰ/丙切口愈合等级患者总人数,yjbqk_num,integer,
stat,统计分析表,Ⅰ/丙切口愈合等级患者总人数占比,yjbqk_rate,float,
stat,统计分析表,Ⅱ/丙切口愈合等级患者总人数,ejbqk_num,integer,
stat,统计分析表,Ⅱ/丙切口愈合等级患者总人数占比,ejbqk_rate,float,
stat,统计分析表,Ⅲ/丙切口愈合等级患者总人数,sjbqk_num,integer,
stat,统计分析表,Ⅲ/丙切口愈合等级患者总人数占比,sjbqk_rate,float,
stat,统计分析表,一级手术患者总人数,ojss_num,integer,
stat,统计分析表,一级手术患者总人数占比,ojss_rate,float,
stat,统计分析表,二级手术患者总人数,wjss_num,integer,
stat,统计分析表,二级手术患者总人数占比,wjss_rate,float,
stat,统计分析表,三级手术患者总人数,tjss_num,integer,
stat,统计分析表,三级手术患者总人数占比,tjss_rate,float,
stat,统计分析表,四级手术患者总人数,fjss_num,integer,
stat,统计分析表,四级手术患者总人数占比,fjss_rate,float,
stat,统计分析表,病案质量为甲级病案总数,bazlj_num,integer,
stat,统计分析表,病案质量为甲级病案总数占比,bazlj_rate,float,
stat,统计分析表,病案质量为乙级病案总数,bazly_num,integer,
stat,统计分析表,病案质量为乙级病案总数占比,bazly_rate,float,
stat,统计分析表,病案质量为丙级病案总数,bazlb_num,integer,
stat,统计分析表,病案质量为丙级病案总数占比,bazlb_rate,float,
stat,统计分析表,肿瘤患者T0期总人数,tl_num,integer,
stat,统计分析表,肿瘤患者T1期总人数,to_num,integer,
stat,统计分析表,肿瘤患者T2期总人数,tw_num,integer,
stat,统计分析表,肿瘤患者T3期总人数,tt_num,integer,
stat,统计分析表,肿瘤患者T4期总人数,tf_num,integer,
stat,统计分析表,肿瘤患者无法评估原发肿瘤大小总人数,wfpgyf_num,integer,
stat,统计分析表,肿瘤患者T0期总人数占比,tl_rate,float,
stat,统计分析表,肿瘤患者T1期总人数占比,to_rate,float,
stat,统计分析表,肿瘤患者T2期总人数占比,tw_rate,float,
stat,统计分析表,肿瘤患者T3期总人数占比,tt_rate,float,
stat,统计分析表,肿瘤患者T4期总人数占比,tf_rate,float,
stat,统计分析表,肿瘤患者无法评估原发肿瘤大小总人数占比,wfpgyf_rate,float,
stat,统计分析表,肿瘤患者N0期总人数,nl_num,integer,
stat,统计分析表,肿瘤患者N1期总人数,no_num,integer,
stat,统计分析表,肿瘤患者N2期总人数,nw_num,integer,
stat,统计分析表,肿瘤患者N3期总人数,nt_num,integer,
stat,统计分析表,肿瘤患者N4期总人数,nf_num,integer,
stat,统计分析表,肿瘤患者无法评估区域淋巴结有无转移总人数,wfpglb_num,integer,
stat,统计分析表,肿瘤患者N0期总人数占比,nl_rate,float,
stat,统计分析表,肿瘤患者N1期总人数占比,no_rate,float,
stat,统计分析表,肿瘤患者N2期总人数占比,nw_rate,float,
stat,统计分析表,肿瘤患者N3期总人数占比,nt_rate,float,
stat,统计分析表,肿瘤患者N4期总人数占比,nf_rate,float,
stat,统计分析表,肿瘤患者无法评估区域淋巴结有无转移总人数占比,wfpglb_rate,float,
stat,统计分析表,肿瘤患者M0期总人数,ml_num,integer,
stat,统计分析表,肿瘤患者M0期总人数占比,ml_rate,float,
stat,统计分析表,肿瘤患者M1期总人数,mo_num,integer,
stat,统计分析表,肿瘤患者M1期总人数占比,mo_rate,float,
stat,统计分析表,肿瘤患者无法评估远处是否转移总人数,wfpgyc_num,integer,
stat,统计分析表,肿瘤患者无法评估远处是否转移总人数占比,wfpgyc_rate,float,
stat,统计分析表,男性患者,man_num,integer,
stat,统计分析表,男性患者占比,man_rate,float,
stat,统计分析表,女性患者,woman_num,integer,
stat,统计分析表,女性患者占比,woman_rate,float,
stat,统计分析表,本地患者数,bd_num,integer,
stat,统计分析表,本地患者数占比,bd_rate,float,
stat,统计分析表,外地患者数,wd_num,integer,
stat,统计分析表,外地患者数占比,wd_rate,float,
stat,统计分析表,消化系统总人数,xhxt_num,integer,
stat,统计分析表,神经系统总人数,sjxt_num,integer,
stat,统计分析表,呼吸系统总人数,hxxt_num,integer,
stat,统计分析表,血液循环系统总人数,xyxh_num,integer,
stat,统计分析表,运动系统总人数,ydxt_num,integer,
stat,统计分析表,内分泌系统总人数,nfm_num,integer,
stat,统计分析表,泌尿系统总人数,mnxt_num,integer,
stat,统计分析表,生殖系统总人数,szxt_num,integer,
stat,统计分析表,消化系统总人数占比,xhxt_rate,float,
stat,统计分析表,神经系统总人数占比,sjxt_rate,float,
stat,统计分析表,呼吸系统总人数占比,hxxt_rate,float,
stat,统计分析表,血液循环系统总人数占比,xyxh_rate,float,
stat,统计分析表,运动系统总人数占比,ydxt_rate,float,
stat,统计分析表,内分泌系统总人数占比,nfm_rate,float,
stat,统计分析表,泌尿系统总人数占比,mnxt_rate,float,
stat,统计分析表,生殖系统总人数占比,szxt_rate,float,
stat,统计分析表,肿瘤分期不详患者总人数,zlfq_num,integer,
stat,统计分析表,高分化程度患者总人数,gfh_num,integer,
stat,统计分析表,中分化程度患者总人数,zfh_num,integer,
stat,统计分析表,低分化程度患者总人数,dfh_num,integer,
stat,统计分析表,未分化程度患者总人数,wfh_num,integer,
stat,统计分析表,未确定程度患者总人数,wqd_num,integer,
stat,统计分析表,肿瘤分期不详患者总人数占比,zlfq_rate,float,
stat,统计分析表,高分化程度患者总人数占比,gfh_rate,float,
stat,统计分析表,中分化程度患者总人数占比,zfh_rate,float,
stat,统计分析表,低分化程度患者总人数占比,dfh_rate,float,
stat,统计分析表,未分化程度患者总人数占比,wfh_rate,float,
stat,统计分析表,未确定程度患者总人数占比,wqd_rate,float,
stat,统计分析表,T细胞程度患者总人数,txb_num,integer,
stat,统计分析表,T细胞程度患者总人数占比,txb_rate,float,
stat,统计分析表,B细胞程度患者总人数,bxb_num,integer,
stat,统计分析表,B细胞程度患者总人数占比,bxb_rate,float,
stat,统计分析表,非T-非B程度患者总人数,ftfbxb_num,integer,
stat,统计分析表,非T-非B程度患者总人数占比,ftfbxb_rate,float,
stat,统计分析表,NK（自然杀伤）细胞程度患者总人数,nk_num,integer,
stat,统计分析表,NK（自然杀伤）细胞程度患者总人数占比,nk_rate,float,
stat,统计分析表,临床诊断作为最高诊断依据患者总人数,lczg_num,integer,
stat,统计分析表,X线、CT、超声波、内窥镜等诊断作为最高诊断依据患者总人数,xxct_num,integer,
stat,统计分析表,手术诊断作为最高诊断依据患者总人数,sszd_num,integer,
stat,统计分析表,生化、免疫诊断作为最高诊断依据患者总人数,shmy_num,integer,
stat,统计分析表,细胞学、血片诊断作为最高诊断依据患者总人数,xbx_num,integer,
stat,统计分析表,病理（继发）诊断作为最高诊断依据患者总人数,bljf_num,integer,
stat,统计分析表,病理（原发）诊断作为最高诊断依据患者总人数,blyf_num,integer,
stat,统计分析表,尸检（有病理）诊断作为最高诊断依据患者总人数,sjybl_num,integer,
stat,统计分析表,最高诊断依据不详患者总人数,zgzdyj_num,integer,
stat,统计分析表,临床诊断作为最高诊断依据患者总人数占比,lczg_rate,float,
stat,统计分析表,X线、CT、超声波、内窥镜等诊断作为最高诊断依据患者总人数占比,xxct_rate,float,
stat,统计分析表,手术诊断作为最高诊断依据患者总人数占比,sszd_rate,float,
stat,统计分析表,生化、免疫诊断作为最高诊断依据患者总人数占比,shmy_rate,float,
stat,统计分析表,细胞学、血片诊断作为最高诊断依据患者总人数占比,xbx_rate,float,
stat,统计分析表,病理（继发）诊断作为最高诊断依据患者总人数占比,bljf_rate,float,
stat,统计分析表,病理（原发）诊断作为最高诊断依据患者总人数占比,blyf_rate,float,
stat,统计分析表,尸检（有病理）诊断作为最高诊断依据患者总人数占比,sjybl_rate,float,
stat,统计分析表,最高诊断依据不详患者总人数占比,zgzdyj_rate,float,
stat,统计分析表,RH阴性_A型血型患者总人数,rhya_num,integer,
stat,统计分析表,RH阴性_A型血型患者总人数占比,rhya_rate,float,
stat,统计分析表,RH阴性_B型血型患者总人数,rhyb_num,integer,
stat,统计分析表,RH阴性_B型血型患者总人数占比,rhyb_rate,float,
stat,统计分析表,RH阴性_O型血型患者总人数,rhyo_num,integer,
stat,统计分析表,RH阴性_O型血型患者总人数占比,rhyo_rate,float,
stat,统计分析表,RH阴性_AB型血型患者总人数,rhyab_num,integer,
stat,统计分析表,RH阴性_AB型血型患者总人数占比,rhyab_rate,float,
stat,统计分析表,RH不详_A型血型患者总人数,rhbxa_num,integer,
stat,统计分析表,RH不详_A型血型患者总人数占比,rhbxa_rate,float,
stat,统计分析表,RH不详_B型血型患者总人数,rhbxb_num,integer,
stat,统计分析表,RH不详_B型血型患者总人数占比,rhbxb_rate,float,
stat,统计分析表,RH不详_O型血型患者总人数,rhbxo_num,integer,
stat,统计分析表,RH不详_O型血型患者总人数占比,rhbxo_rate,float,
stat,统计分析表,RH不详_AB型血型患者总人数,rhbxab_num,integer,
stat,统计分析表,RH不详_AB型血型患者总人数占比,rhbxab_rate,float,
stat,统计分析表,RH阳性_A型血型患者总人数,rhyxa_num,integer,
stat,统计分析表,RH阳性_A型血型患者总人数占比,rhyxa_rate,float,
stat,统计分析表,RH阳性_B型血型患者总人数,rhyxb_num,integer,
stat,统计分析表,RH阳性_B型血型患者总人数占比,rhyxb_rate,float,
stat,统计分析表,RH阳性_O型血型患者总人数,rhyxo_num,integer,
stat,统计分析表,RH阳性_O型血型患者总人数占比,rhyxo_rate,float,
stat,统计分析表,RH阳性_AB型血型患者总人数,rhyxab_num,integer,
stat,统计分析表,RH阳性_AB型血型患者总人数占比,rhyxab_rate,float,
stat,统计分析表,Rh阳性_A型血型使用总单位数,rhyxa_cc,integer,
stat,统计分析表,Rh阳性_B型血型使用总单位数,rhyxb_cc,integer,
stat,统计分析表,Rh阳性_AB型血型使用总单位数,rhyxab_cc,integer,
stat,统计分析表,Rh阳性_O型血型使用总单位数,rhyxo_cc,integer,
stat,统计分析表,Rh阳性_A型血型使用总单位数占比,rhyxacc_rate,float,
stat,统计分析表,Rh阳性_B型血型使用总单位数占比,rhyxbcc_rate,float,
stat,统计分析表,Rh阳性_AB型血型使用总单位数占比,rhyxabcc_rate,float,
stat,统计分析表,Rh阳性_O型血型使用总单位数占比,rhyx0cc_rate,float,
stat,统计分析表,Rh阴性_A型血型使用总单位数占比,rhyacc_rate,float,
stat,统计分析表,Rh阴性_B型血型使用总单位数占比,rhybcc_rate,float,
stat,统计分析表,Rh阴性_AB型血型使用总单位数占比,rhyabcc_rate,float,
stat,统计分析表,Rh阴性_O型血型使用总单位数占比,rhy0cc_rate,float,
stat,统计分析表,Rh阴性_A型血型使用总单位数,rhya_cc,integer,
stat,统计分析表,Rh阴性_B型血型使用总单位数,rhyb_cc,integer,
stat,统计分析表,Rh阴性_AB型血型使用总单位数,rhyab_cc,integer,
stat,统计分析表,Rh阴性_O型血型使用总单位数,rhyo_cc,integer,
stat,统计分析表,成分血总单位数,cfx_num,integer,
stat,统计分析表,红细胞使用总单位数,hxb_num,integer,
stat,统计分析表,血小板使用总单位数,xsb_num,integer,
stat,统计分析表,血浆使用总单位数,xj_num,integer,
stat,统计分析表,全血使用总单位数,qx_num,integer,
stat,统计分析表,其它血制品使用总单位数,qtx_num,integer,
stat,统计分析表,例均成分血使用总单位数,cfx_avg,float,
stat,统计分析表,例均红细胞使用总单位数,hxb_avg,float,
stat,统计分析表,例均血小板使用总单位数,xsb_avg,float,
stat,统计分析表,例均血浆使用总单位数,xj_avg,float,
stat,统计分析表,例均全血使用总单位数,qx_avg,float,
stat,统计分析表,例均其它血制品使用总单位数,qtx_avg,float,
stat,统计分析表,成分血总单位数占比,cfx_rate,float,
stat,统计分析表,红细胞使用总单位数占比,hxb_rate,float,
stat,统计分析表,血小板使用总单位数占比,xsb_rate,float,
stat,统计分析表,血浆使用总单位数占比,xj_rate,float,
stat,统计分析表,全血使用总单位数占比,qx_rate,float,
stat,统计分析表,其它血制品使用总单位数占比,qtx_rate,float,
stat,统计分析表,本市城镇职工基本医疗保险患者支付总额,bszg_num,integer,
stat,统计分析表,本市城镇职工基本医疗保险患者自付总额,bszgzf_num,integer,
stat,统计分析表,本市城镇职工基本医疗保险患者医疗总额,bszgyl_num,integer,
stat,统计分析表,本市城镇职工基本医疗保险患者医技总额,bszgyj_num,integer,
stat,统计分析表,本市城镇职工基本医疗保险患者药品总额,bszgypj_num,integer,
stat,统计分析表,本市城镇职工基本医疗保险患者护理总额,bszghl_num,integer,
stat,统计分析表,本市城镇职工基本医疗保险患者管理总额,bszggl_num,integer,
stat,统计分析表,本市城镇职工基本医疗保险患者例均支付总额,bszg_avg,float,
stat,统计分析表,本市城镇职工基本医疗保险患者例均自付总额,bszgzf_avg,float,
stat,统计分析表,本市城镇职工基本医疗保险患者例均医疗总额,bszgyl_avg,float,
stat,统计分析表,本市城镇职工基本医疗保险患者例均医技总额,bszgyj_avg,float,
stat,统计分析表,本市城镇职工基本医疗保险患者例均药品总额,bszgypj_avg,float,
stat,统计分析表,本市城镇职工基本医疗保险患者例均护理总额,bszghl_avg,float,
stat,统计分析表,本市城镇职工基本医疗保险患者例均管理总额,bszggl_avg,float,
stat,统计分析表,本市城镇职工基本医疗保险患者支付总额占比,bszg_rate,float,
stat,统计分析表,本市城镇职工基本医疗保险患者自付总额占比,bszgzf_rate,float,
stat,统计分析表,本市城镇职工基本医疗保险患者医疗总额占比,bszgyl_rate,float,
stat,统计分析表,本市城镇职工基本医疗保险患者医技总额占比,bszgyj_rate,float,
stat,统计分析表,本市城镇职工基本医疗保险患者药品总额占比,bszgypj_rate,float,
stat,统计分析表,本市城镇职工基本医疗保险患者护理总额占比,bszghl_rate,float,
stat,统计分析表,本市城镇职工基本医疗保险患者管理总额占比,bszggl_rate,float,
stat,统计分析表,外埠城镇职工基本医疗保险患者支付总额,wbzg_num,integer,
stat,统计分析表,外埠城镇职工基本医疗保险患者自付总额,wbzgzf_num,integer,
stat,统计分析表,外埠城镇职工基本医疗保险患者医疗总额,wbzgyl_num,integer,
stat,统计分析表,外埠城镇职工基本医疗保险患者医技总额,wbzgyj_num,integer,
stat,统计分析表,外埠城镇职工基本医疗保险患者药品总额,wbzgypj_num,integer,
stat,统计分析表,外埠城镇职工基本医疗保险患者护理总额,wbzghl_num,integer,
stat,统计分析表,外埠城镇职工基本医疗保险患者管理总额,wbzggl_num,integer,
stat,统计分析表,外埠城镇职工基本医疗保险患者例均支付总额,wbzg_avg,float,
stat,统计分析表,外埠城镇职工基本医疗保险患者例均自付总额,wbzgzf_avg,float,
stat,统计分析表,外埠城镇职工基本医疗保险患者例均医疗总额,wbzgyl_avg,float,
stat,统计分析表,外埠城镇职工基本医疗保险患者例均医技总额,wbzgyj_avg,float,
stat,统计分析表,外埠城镇职工基本医疗保险患者例均药品总额,wbzgypj_avg,float,
stat,统计分析表,外埠城镇职工基本医疗保险患者例均护理总额,wbzghl_avg,float,
stat,统计分析表,外埠城镇职工基本医疗保险患者例均管理总额,wbzggl_avg,float,
stat,统计分析表,外埠城镇职工基本医疗保险患者支付总额占比,wbzg_rate,float,
stat,统计分析表,外埠城镇职工基本医疗保险患者自付总额占比,wbzgzf_rate,float,
stat,统计分析表,外埠城镇职工基本医疗保险患者医疗总额占比,wbzgyl_rate,float,
stat,统计分析表,外埠城镇职工基本医疗保险患者医技总额占比,wbzgyj_rate,float,
stat,统计分析表,外埠城镇职工基本医疗保险患者药品总额占比,wbzgypj_rate,float,
stat,统计分析表,外埠城镇职工基本医疗保险患者护理总额占比,wbzghl_rate,float,
stat,统计分析表,外埠城镇职工基本医疗保险患者管理总额占比,wbzggl_rate,float,
stat,统计分析表,本市城镇居民基本医疗保险患者支付总额,bsjm_num,integer,
stat,统计分析表,本市城镇居民基本医疗保险患者自付总额,bsjmzf_num,integer,
stat,统计分析表,本市城镇居民基本医疗保险患者医疗总额,bsjmyl_num,integer,
stat,统计分析表,本市城镇居民基本医疗保险患者医技总额,bsjmyj_num,integer,
stat,统计分析表,本市城镇居民基本医疗保险患者药品总额,bsjmypj_num,integer,
stat,统计分析表,本市城镇居民基本医疗保险患者护理总额,bsjmhl_num,integer,
stat,统计分析表,本市城镇居民基本医疗保险患者管理总额,bsjmgl_num,integer,
stat,统计分析表,本市城镇居民基本医疗保险患者例均支付总额,bsjm_avg,float,
stat,统计分析表,本市城镇居民基本医疗保险患者例均自付总额,bsjmzf_avg,float,
stat,统计分析表,本市城镇居民基本医疗保险患者例均医疗总额,bsjmyl_avg,float,
stat,统计分析表,本市城镇居民基本医疗保险患者例均医技总额,bsjmyj_avg,float,
stat,统计分析表,本市城镇居民基本医疗保险患者例均药品总额,bsjmypj_avg,float,
stat,统计分析表,本市城镇居民基本医疗保险患者例均护理总额,bsjmhl_avg,float,
stat,统计分析表,本市城镇居民基本医疗保险患者例均管理总额,bsjmgl_avg,float,
stat,统计分析表,本市城镇居民基本医疗保险患者支付总额占比,bsjm_rate,float,
stat,统计分析表,本市城镇居民基本医疗保险患者自付总额占比,bsjmzf_rate,float,
stat,统计分析表,本市城镇居民基本医疗保险患者医疗总额占比,bsjmyl_rate,float,
stat,统计分析表,本市城镇居民基本医疗保险患者医技总额占比,bsjmyj_rate,float,
stat,统计分析表,本市城镇居民基本医疗保险患者药品总额占比,bsjmypj_rate,float,
stat,统计分析表,本市城镇居民基本医疗保险患者护理总额占比,bsjmhl_rate,float,
stat,统计分析表,本市城镇居民基本医疗保险患者管理总额占比,bsjmgl_rate,float,
stat,统计分析表,外埠城镇居民基本医疗保险患者支付总额,wbjm_num,integer,
stat,统计分析表,外埠城镇居民基本医疗保险患者自付总额,wbjmzf_num,integer,
stat,统计分析表,外埠城镇居民基本医疗保险患者医疗总额,wbjmyl_num,integer,
stat,统计分析表,外埠城镇居民基本医疗保险患者医技总额,wbjmyj_num,integer,
stat,统计分析表,外埠城镇居民基本医疗保险患者药品总额,wbjmypj_num,integer,
stat,统计分析表,外埠城镇居民基本医疗保险患者护理总额,wbjmhl_num,integer,
stat,统计分析表,外埠城镇居民基本医疗保险患者管理总额,wbjmgl_num,integer,
stat,统计分析表,外埠城镇居民基本医疗保险患者例均支付总额,wbjm_avg,float,
stat,统计分析表,外埠城镇居民基本医疗保险患者例均自付总额,wbjmzf_avg,float,
stat,统计分析表,外埠城镇居民基本医疗保险患者例均医疗总额,wbjmyl_avg,float,
stat,统计分析表,外埠城镇居民基本医疗保险患者例均医技总额,wbjmyj_avg,float,
stat,统计分析表,外埠城镇居民基本医疗保险患者例均药品总额,wbjmypj_avg,float,
stat,统计分析表,外埠城镇居民基本医疗保险患者例均护理总额,wbjmhl_avg,float,
stat,统计分析表,外埠城镇居民基本医疗保险患者例均管理总额,wbjmgl_avg,float,
stat,统计分析表,外埠城镇居民基本医疗保险患者支付总额占比,wbjm_rate,float,
stat,统计分析表,外埠城镇居民基本医疗保险患者自付总额占比,wbjmzf_rate,float,
stat,统计分析表,外埠城镇居民基本医疗保险患者医疗总额占比,wbjmyl_rate,float,
stat,统计分析表,外埠城镇居民基本医疗保险患者医技总额占比,wbjmyj_rate,float,
stat,统计分析表,外埠城镇居民基本医疗保险患者药品总额占比,wbjmypj_rate,float,
stat,统计分析表,外埠城镇居民基本医疗保险患者护理总额占比,wbjmhl_rate,float,
stat,统计分析表,外埠城镇居民基本医疗保险患者管理总额占比,wbjmgl_rate,float,
stat,统计分析表,本市新型农村合作医疗患者支付总额,bsxnh_num,integer,
stat,统计分析表,本市新型农村合作医疗患者自付总额,bsxnhzf_num,integer,
stat,统计分析表,本市新型农村合作医疗患者医疗总额,bsxnhyl_num,integer,
stat,统计分析表,本市新型农村合作医疗患者医技总额,bsxnhyj_num,integer,
stat,统计分析表,本市新型农村合作医疗患者药品总额,bsxnhypj_num,integer,
stat,统计分析表,本市新型农村合作医疗患者护理总额,bsxnhhl_num,integer,
stat,统计分析表,本市新型农村合作医疗患者管理总额,bsxnhgl_num,integer,
stat,统计分析表,本市新型农村合作医疗患者例均支付总额,bsxnh_avg,float,
stat,统计分析表,本市新型农村合作医疗患者例均自付总额,bsxnhzf_avg,float,
stat,统计分析表,本市新型农村合作医疗患者例均医疗总额,bsxnhyl_avg,float,
stat,统计分析表,本市新型农村合作医疗患者例均医技总额,bsxnhyj_avg,float,
stat,统计分析表,本市新型农村合作医疗患者例均药品总额,bsxnhypj_avg,float,
stat,统计分析表,本市新型农村合作医疗患者例均护理总额,bsxnhhl_avg,float,
stat,统计分析表,本市新型农村合作医疗患者例均管理总额,bsxnhgl_avg,float,
stat,统计分析表,本市新型农村合作医疗患者支付总额占比,bsxnh_rate,float,
stat,统计分析表,本市新型农村合作医疗患者自付总额占比,bsxnhzf_rate,float,
stat,统计分析表,本市新型农村合作医疗患者医疗总额占比,bsxnhyl_rate,float,
stat,统计分析表,本市新型农村合作医疗患者医技总额占比,bsxnhyj_rate,float,
stat,统计分析表,本市新型农村合作医疗患者药品总额占比,bsxnhypj_rate,float,
stat,统计分析表,本市新型农村合作医疗患者护理总额占比,bsxnhhl_rate,float,
stat,统计分析表,本市新型农村合作医疗患者管理总额占比,bsxnhgl_rate,float,
stat,统计分析表,外埠新型农村合作医疗患者支付总额,wbxnh_num,integer,
stat,统计分析表,外埠新型农村合作医疗患者自付总额,wbxnhzf_num,integer,
stat,统计分析表,外埠新型农村合作医疗患者医疗总额,wbxnhyl_num,integer,
stat,统计分析表,外埠新型农村合作医疗患者医技总额,wbxnhyj_num,integer,
stat,统计分析表,外埠新型农村合作医疗患者药品总额,wbxnhypj_num,integer,
stat,统计分析表,外埠新型农村合作医疗患者护理总额,wbxnhhl_num,integer,
stat,统计分析表,外埠新型农村合作医疗患者管理总额,wbxnhgl_num,integer,
stat,统计分析表,外埠新型农村合作医疗患者例均支付总额,wbxnh_avg,float,
stat,统计分析表,外埠新型农村合作医疗患者例均自付总额,wbxnhzf_avg,float,
stat,统计分析表,外埠新型农村合作医疗患者例均医疗总额,wbxnhyl_avg,float,
stat,统计分析表,外埠新型农村合作医疗患者例均医技总额,wbxnhyj_avg,float,
stat,统计分析表,外埠新型农村合作医疗患者例均药品总额,wbxnhypj_avg,float,
stat,统计分析表,外埠新型农村合作医疗患者例均护理总额,wbxnhhl_avg,float,
stat,统计分析表,外埠新型农村合作医疗患者例均管理总额,wbxnhgl_avg,float,
stat,统计分析表,外埠新型农村合作医疗患者支付总额占比,wbxnh_rate,float,
stat,统计分析表,外埠新型农村合作医疗患者自付总额占比,wbxnhzf_rate,float,
stat,统计分析表,外埠新型农村合作医疗患者医疗总额占比,wbxnhyl_rate,float,
stat,统计分析表,外埠新型农村合作医疗患者医技总额占比,wbxnhyj_rate,float,
stat,统计分析表,外埠新型农村合作医疗患者药品总额占比,wbxnhypj_rate,float,
stat,统计分析表,外埠新型农村合作医疗患者护理总额占比,wbxnhhl_rate,float,
stat,统计分析表,外埠新型农村合作医疗患者管理总额占比,wbxnhgl_rate,float,
stat,统计分析表,贫困救助患者支付总额,pkjz_num,integer,
stat,统计分析表,贫困救助患者自付总额,pkjzzf_num,integer,
stat,统计分析表,贫困救助医疗总额,pkjzyl_num,integer,
stat,统计分析表,贫困救助医技总额,pkjzyj_num,integer,
stat,统计分析表,贫困救助药品总额,pkjzypj_num,integer,
stat,统计分析表,贫困救助护理总额,pkjzhl_num,integer,
stat,统计分析表,贫困救助管理总额,pkjzgl_num,integer,
stat,统计分析表,贫困救助患者例均支付总额,pkjz_avg,float,
stat,统计分析表,贫困救助患者例均自付总额,pkjzzf_avg,float,
stat,统计分析表,贫困救助例均医疗总额,pkjzyl_avg,float,
stat,统计分析表,贫困救助例均医技总额,pkjzyj_avg,float,
stat,统计分析表,贫困救助例均药品总额,pkjzypj_avg,float,
stat,统计分析表,贫困救助例均护理总额,pkjzhl_avg,float,
stat,统计分析表,贫困救助例均管理总额,pkjzgl_avg,float,
stat,统计分析表,贫困救助患者支付总额占比,pkjz_rate,float,
stat,统计分析表,贫困救助患者自付总额占比,pkjzzf_rate,float,
stat,统计分析表,贫困救助医疗总额占比,pkjzyl_rate,float,
stat,统计分析表,贫困救助医技总额占比,pkjzyj_rate,float,
stat,统计分析表,贫困救助药品总额占比,pkjzypj_rate,float,
stat,统计分析表,贫困救助护理总额占比,pkjzhl_rate,float,
stat,统计分析表,贫困救助管理总额占比,pkjzgl_rate,float,
stat,统计分析表,商业医疗保险患者支付总额,sybx_num,integer,
stat,统计分析表,商业医疗保险患者自付总额,sybxzf_num,integer,
stat,统计分析表,商业医疗保险患者医疗总额,sybxyl_num,integer,
stat,统计分析表,商业医疗保险患者医技总额,sybxyj_num,integer,
stat,统计分析表,商业医疗保险患者药品总额,sybxypj_num,integer,
stat,统计分析表,商业医疗保险患者护理总额,sybxhl_num,integer,
stat,统计分析表,商业医疗保险患者管理总额,sybxgl_num,integer,
stat,统计分析表,商业医疗保险患者例均支付总额,sybx_avg,float,
stat,统计分析表,商业医疗保险患者例均自付总额,sybxzf_avg,float,
stat,统计分析表,商业医疗保险患者例均医疗总额,sybxyl_avg,float,
stat,统计分析表,商业医疗保险患者例均医技总额,sybxyj_avg,float,
stat,统计分析表,商业医疗保险患者例均药品总额,sybxypj_avg,float,
stat,统计分析表,商业医疗保险患者例均护理总额,sybxhl_avg,float,
stat,统计分析表,商业医疗保险患者例均管理总额,sybxgl_avg,float,
stat,统计分析表,商业医疗保险患者支付总额占比,sybx_rate,float,
stat,统计分析表,商业医疗保险患者自付总额占比,sybxzf_rate,float,
stat,统计分析表,商业医疗保险患者医疗总额占比,sybxyl_rate,float,
stat,统计分析表,商业医疗保险患者医技总额占比,sybxyj_rate,float,
stat,统计分析表,商业医疗保险患者药品总额占比,sybxypj_rate,float,
stat,统计分析表,商业医疗保险患者护理总额占比,sybxhl_rate,float,
stat,统计分析表,商业医疗保险患者管理总额占比,sybxgl_rate,float,
stat,统计分析表,全公费患者支付总额,qgf_num,integer,
stat,统计分析表,全公费患者自付总额,qgfzf_num,integer,
stat,统计分析表,全公费患者医疗总额,qgfyl_num,integer,
stat,统计分析表,全公费患者医技总额,qgfyj_num,integer,
stat,统计分析表,全公费患者药品总额,qgfypj_num,integer,
stat,统计分析表,全公费患者护理总额,qgfhl_num,integer,
stat,统计分析表,全公费患者管理总额,qgfgl_num,integer,
stat,统计分析表,全公费患者例均支付总额,qgf_avg,float,
stat,统计分析表,全公费患者例均自付总额,qgfzf_avg,float,
stat,统计分析表,全公费患者例均医疗总额,qgfyl_avg,float,
stat,统计分析表,全公费患者例均医技总额,qgfyj_avg,float,
stat,统计分析表,全公费患者例均药品总额,qgfypj_avg,float,
stat,统计分析表,全公费患者例均护理总额,qgfhl_avg,float,
stat,统计分析表,全公费患者例均管理总额,qgfgl_avg,float,
stat,统计分析表,全公费患者支付总额占比,qgf_rate,float,
stat,统计分析表,全公费患者自付总额占比,qgfzf_rate,float,
stat,统计分析表,全公费患者医疗总额占比,qgfyl_rate,float,
stat,统计分析表,全公费患者医技总额占比,qgfyj_rate,float,
stat,统计分析表,全公费患者药品总额占比,qgfypj_rate,float,
stat,统计分析表,全公费患者护理总额占比,qgfhl_rate,float,
stat,统计分析表,全公费患者管理总额占比,qgfgl_rate,float,
stat,统计分析表,全自费患者支付总额,qzf_num,integer,
stat,统计分析表,全自费患者医疗总额,qzfyl_num,integer,
stat,统计分析表,全自费患者医技总额,qzfyj_num,integer,
stat,统计分析表,全自费患者药品总额,qzfypj_num,integer,
stat,统计分析表,全自费患者护理总额,qzfhl_num,integer,
stat,统计分析表,全自费患者管理总额,qzfgl_num,integer,
stat,统计分析表,全自费患者例均支付总额,qzf_avg,float,
stat,统计分析表,全自费患者例均医疗总额,qzfyl_avg,float,
stat,统计分析表,全自费患者例均医技总额,qzfyj_avg,float,
stat,统计分析表,全自费患者例均药品总额,qzfypj_avg,float,
stat,统计分析表,全自费患者例均护理总额,qzfhl_avg,float,
stat,统计分析表,全自费患者例均管理总额,qzfgl_avg,float,
stat,统计分析表,全自费患者支付总额占比,qzf_rate,float,
stat,统计分析表,全自费患者医疗总额占比,qzfyl_rate,float,
stat,统计分析表,全自费患者医技总额占比,qzfyj_rate,float,
stat,统计分析表,全自费患者药品总额占比,qzfypj_rate,float,
stat,统计分析表,全自费患者护理总额占比,qzfhl_rate,float,
stat,统计分析表,全自费患者管理总额占比,qzfgl_rate,float,
stat,统计分析表,其他社会保险患者支付总额,qtbx_num,integer,
stat,统计分析表,其他社会保险患者自付总额,qtbxzf_num,integer,
stat,统计分析表,其他社会保险医疗总额,qtbxyl_num,integer,
stat,统计分析表,其他社会保险医技总额,qtbxyj_num,integer,
stat,统计分析表,其他社会保险药品总额,qtbxypj_num,integer,
stat,统计分析表,其他社会保险护理总额,qtbxhl_num,integer,
stat,统计分析表,其他社会保险管理总额,qtbxgl_num,integer,
stat,统计分析表,其他社会保险患者例均支付总额,qtbx_avg,float,
stat,统计分析表,其他社会保险患者例均自付总额,qtbxzf_avg,float,
stat,统计分析表,其他社会保险例均医疗总额,qtbxyl_avg,float,
stat,统计分析表,其他社会保险例均医技总额,qtbxyj_avg,float,
stat,统计分析表,其他社会保险例均药品总额,qtbxypj_avg,float,
stat,统计分析表,其他社会保险例均护理总额,qtbxhl_avg,float,
stat,统计分析表,其他社会保险例均管理总额,qtbxgl_avg,float,
stat,统计分析表,其他社会保险患者支付总额占比,qtbx_rate,float,
stat,统计分析表,其他社会保险患者自付总额占比,qtbxzf_rate,float,
stat,统计分析表,其他社会保险医疗总额占比,qtbxyl_rate,float,
stat,统计分析表,其他社会保险医技总额占比,qtbxyj_rate,float,
stat,统计分析表,其他社会保险药品总额占比,qtbxypj_rate,float,
stat,统计分析表,其他社会保险护理总额占比,qtbxhl_rate,float,
stat,统计分析表,其他社会保险管理总额占比,qtbxgl_rate,float,
stat,统计分析表,其他患者支付总额,qthz_num,integer,
stat,统计分析表,其他患者自付总额,qthzzf_num,integer,
stat,统计分析表,其他患者医疗总额,qthzyl_num,integer,
stat,统计分析表,其他患者医技总额,qthzyj_num,integer,
stat,统计分析表,其他患者药品总额,qthzypj_num,integer,
stat,统计分析表,其他患者护理总额,qthzhl_num,integer,
stat,统计分析表,其他患者管理总额,qthzgl_num,integer,
stat,统计分析表,其他患者例均支付总额,qthz_avg,float,
stat,统计分析表,其他患者例均自付总额,qthzzf_avg,float,
stat,统计分析表,其他患者例均医疗总额,qthzyl_avg,float,
stat,统计分析表,其他患者例均医技总额,qthzyj_avg,float,
stat,统计分析表,其他患者例均药品总额,qthzypj_avg,float,
stat,统计分析表,其他患者例均护理总额,qthzhl_avg,float,
stat,统计分析表,其他患者例均管理总额,qthzgl_avg,float,
stat,统计分析表,其他患者支付总额占比,qthz_rate,float,
stat,统计分析表,其他患者自付总额占比,qthzzf_rate,float,
stat,统计分析表,其他患者医疗总额占比,qthzyl_rate,float,
stat,统计分析表,其他患者医技总额占比,qthzyj_rate,float,
stat,统计分析表,其他患者药品总额占比,qthzypj_rate,float,
stat,统计分析表,其他患者护理总额占比,qthzhl_rate,float,
stat,统计分析表,其他患者管理总额占比,qthzgl_rate,float,
stat,统计分析表,手术中意外损伤,ssywss_num,integer,
stat,统计分析表,手术中意外切割,ssywqg_num,integer,
stat,统计分析表,手术中意外针刺,ssywzc_num,integer,
stat,统计分析表,手术中意外穿孔,ssywck_num,integer,
stat,统计分析表,手术中意外出血,ssywcx_num,integer,
stat,统计分析表,手术中体内遗留异物,ssylyw_num,integer,
stat,统计分析表,手术中无菌预防措施的失败,sswjsb_num,integer,
stat,统计分析表,手术中操作不当,ssczbd_num,integer,
stat,统计分析表,手术中意外损伤占比,ssywss_rate,float,
stat,统计分析表,手术中意外切割占比,ssywqg_rate,float,
stat,统计分析表,手术中意外针刺占比,ssywzc_rate,float,
stat,统计分析表,手术中意外穿孔占比,ssywck_rate,float,
stat,统计分析表,手术中意外出血占比,ssywcx_rate,float,
stat,统计分析表,手术中体内遗留异物占比,ssylyw_rate,float,
stat,统计分析表,手术中无菌预防措施的失败占比,sswjsb_rate,float,
stat,统计分析表,手术中操作不当,ssczbd_rate,float,
stat,统计分析表,治疗中意外损伤,zlywzl_num,integer,
stat,统计分析表,治疗中意外切割,zlywqg_num,integer,
stat,统计分析表,治疗中意外针刺,zlywzc_num,integer,
stat,统计分析表,治疗中意外穿孔,zlywck_num,integer,
stat,统计分析表,治疗中意外出血,zlywcx_num,integer,
stat,统计分析表,治疗中体内遗留异物,zlylyw_num,integer,
stat,统计分析表,治疗中无菌预防措施的失败,zlwjsb_num,integer,
stat,统计分析表,治疗中操作不当,zlczbd_num,integer,
stat,统计分析表,治疗中意外损伤占比,zlywzl_rate,float,
stat,统计分析表,治疗中意外切割占比,zlywqg_rate,float,
stat,统计分析表,治疗中意外针刺占比,zlywzc_rate,float,
stat,统计分析表,治疗中意外穿孔占比,zlywck_rate,float,
stat,统计分析表,治疗中意外出血占比,zlywcx_rate,float,
stat,统计分析表,治疗中体内遗留异物占比,zlylyw_rate,float,
stat,统计分析表,治疗中无菌预防措施的失败占比,zlwjsb_rate,float,
stat,统计分析表,治疗中操作不当,zlczbd_rate,float,
stat,统计分析表,输注后感染,szh_num,integer,
stat,统计分析表,操作后伤口感染,czh_num,integer,
stat,统计分析表,手术后切口感染,ssh_num,integer,
stat,统计分析表,肾透析感染,stx_num,integer,
stat,统计分析表,人工假体植入感染,rgjt_num,integer,
stat,统计分析表,医疗器具感染,ylqj_num,integer,
stat,统计分析表,输注后感染占比,szh_rate,float,
stat,统计分析表,操作后伤口感染占比,czh_rate,float,
stat,统计分析表,手术后切口感染占比,ssh_rate,float,
stat,统计分析表,肾透析感染占比,stx_rate,float,
stat,统计分析表,人工假体植入感染占比,rgjt_rate,float,
stat,统计分析表,医疗器具感染占比,ylqj_rate,float,
stat,统计分析表,手术例数,ssls_num,integer,
stat,统计分析表,门诊住院病历数,mzzy_num,integer,
stat,统计分析表,急诊住院病历数,jzzy_num,integer,
stat,统计分析表,本市医保支付病历数,ybzf_num,integer,
stat,统计分析表,本市新农合支付病历数,xnh_num,integer,
stat,统计分析表,全自费病历数,qzfbl_num,integer,
stat,统计分析表,全公费病历数,qgfbl_num,integer,
stat,统计分析表,手术例数占比,ssls_rate,float,
stat,统计分析表,门诊住院病历数占比,mzzy_rate,float,
stat,统计分析表,急诊住院病历数占比,jzzy_rate,float,
stat,统计分析表,医保支付病历数占比,ybzf_rate,float,
stat,统计分析表,本市新农合支付病历数占比,xnh_rate,float,
stat,统计分析表,全自费病历数占比,qzfbl_rate,float,
stat,统计分析表,全公费病历数占比,qgfbl_rate,float,
stat,统计分析表,病例总数,hos_num,integer,
stat,统计分析表,排除病例数,pc_num,integer,
stat,统计分析表,未入MDC病例数,wrmdc_num,integer,
stat,统计分析表,未入组病例数,wrz_num,integer,
stat,统计分析表,QY病例数,qy_num,integer,
stat,统计分析表,入组率,drg_rate,float,
stat,统计分析表,输血总人数,blood_num,integer,
stat,统计分析表,A型血型患者总人数,ablood_num,integer,
stat,统计分析表,B型血型患者总人数,bblood_num,integer,
stat,统计分析表,AB型血型患者总人数,abblood_num,integer,
stat,统计分析表,O型血型患者总人数,oblood_num,integer,
stat,统计分析表,未查血型患者总人数,wcblood_num,integer,
stat,统计分析表,输血人数占比,blood_rate,float,
stat,统计分析表,A型血型患者人数占比,ablood_rate,float,
stat,统计分析表,B型血型患者人数占比,bblood_rate,float,
stat,统计分析表,AB型血型患者人数占比,abblood_rate,float,
stat,统计分析表,O型血型患者人数占比,oblood_rate,float,
stat,统计分析表,未查血型患者人数占比,wcblood_rate,float,
stat,统计分析表,麻醉总人数,mz_num,integer,
stat,统计分析表,有手术无麻醉患者总人数,wmz_num,integer,
stat,统计分析表,全身麻醉患者总人数,qsmz_num,integer,
stat,统计分析表,吸入麻醉（气管内插管、喉罩、面罩）患者总人数,xrmz_num,integer,
stat,统计分析表,静脉麻醉（全凭静脉麻醉）患者总人数,jmmz_num,integer,
stat,统计分析表,基础麻醉（直肠注入、肌肉注射）患者总人数,jcmz_num,integer,
stat,统计分析表,区域麻醉患者总人数,qymz_num,integer,
stat,统计分析表,椎管内麻醉患者总人数,zgnmz_num,integer,
stat,统计分析表,麻醉人数占比,mz_rate,float,
stat,统计分析表,有手术无麻醉患者总人数占比,wmz_rate,float,
stat,统计分析表,全身麻醉患者总人数占比,qsmz_rate,float,
stat,统计分析表,吸入麻醉（气管内插管、喉罩、面罩）患者总人数占比,xrmz_rate,float,
stat,统计分析表,静脉麻醉（全凭静脉麻醉）患者总人数占比,jmmz_rate,float,
stat,统计分析表,基础麻醉（直肠注入、肌肉注射）患者总人数占比,jcmz_rate,float,
stat,统计分析表,区域麻醉患者总人数占比,qymz_rate,float,
stat,统计分析表,椎管内麻醉患者总人数占比,zgnmz_rate,float,
stat,统计分析表,蛛网膜下-硬膜外复合麻醉患者总人数,ymwfh_num,integer,
stat,统计分析表,复合麻醉患者总人数,fhmz_num,integer,
stat,统计分析表,不同药物的复合：普鲁卡因静脉复合全麻，神经安定镇痛麻醉等患者总人数,btywfh_num,integer,
stat,统计分析表,不同方法的复合：静吸复合全麻，针药复合麻醉，全身-硬膜外复合麻醉，脊髓-硬膜外复合麻醉等患者总人数,btfffh_num,integer,
stat,统计分析表,特殊方法的复合：全麻复合全身降温（低温麻醉）， 控制性降压等患者总人数,tsfffh_num,integer,
stat,统计分析表,静吸复合麻醉患者总人数,jxfh_num,integer,
stat,统计分析表,其他麻醉患者总人数,qtmz_num,integer,
stat,统计分析表,蛛网膜下-硬膜外复合麻醉患者总人数占比,ymwfh_rate,float,
stat,统计分析表,复合麻醉患者总人数占比,fhmz_rate,float,
stat,统计分析表,不同药物的复合：普鲁卡因静脉复合全麻，神经安定镇痛麻醉等患者总人数占比,btywfh_rate,float,
stat,统计分析表,不同方法的复合：静吸复合全麻，针药复合麻醉，全身-硬膜外复合麻醉，脊髓-硬膜外复合麻醉等患者总人数占比,btfffh_rate,float,
stat,统计分析表,特殊方法的复合：全麻复合全身降温（低温麻醉）， 控制性降压等患者总人数占比,tsfffh_rate,float,
stat,统计分析表,静吸复合麻醉患者总人数占比,jxfh_rate,float,
stat,统计分析表,其他麻醉患者总人数占比,qtmz_rate,float,
stat,统计分析表,蛛网膜下腔阻滞患者总人数,zwmx_num,integer,
stat,统计分析表,蛛网膜下腔阻滞患者总人数占比,zwmx_rate,float,
stat,统计分析表,硬膜外间隙阻滞（含骶管阻滞）患者总人数,ymw_num,integer,
stat,统计分析表,硬膜外间隙阻滞（含骶管阻滞）患者总人数占比,ymw_rate,float,
stat,统计分析表,颈丛阻滞患者总人数,jc_num,integer,
stat,统计分析表,颈丛阻滞患者总人数占比,jc_rate,float,
stat,统计分析表,神经及神经丛阻滞患者总人数,sj_num,integer,
stat,统计分析表,神经及神经丛阻滞患者总人数占比,sj_rate,float,
stat,统计分析表,臂丛阻滞及上肢神经阻滞患者总人数,bc_num,integer,
stat,统计分析表,腰骶神经丛阻滞及下肢神经阻滞患者总人数,yz_num,integer,
stat,统计分析表,躯干神经阻滞：肋间神经阻滞患者总人数,qg_num,integer,
stat,统计分析表,椎旁神经阻滞患者总人数,zp_num,integer,
stat,统计分析表,会阴神经阻滞患者总人数,per_num,integer,
stat,统计分析表,交感神经阻滞：星状神经节阻滞患者总人数,jg_num,integer,
stat,统计分析表,胸腰交感神经阻滞患者总人数,xy_num,integer,
stat,统计分析表,脑神经阻滞：三叉神经阻滞、舌咽神经阻滞患者总人数,n_num,integer,
stat,统计分析表,臂丛阻滞及上肢神经阻滞患者总人数占比,bc_rate,float,
stat,统计分析表,腰骶神经丛阻滞及下肢神经阻滞患者总人数占比,yz_rate,float,
stat,统计分析表,躯干神经阻滞：肋间神经阻滞患者总人数占比,qg_rate,float,
stat,统计分析表,椎旁神经阻滞患者总人数占比,zp_rate,float,
stat,统计分析表,会阴神经阻滞患者总人数占比,per_rate,float,
stat,统计分析表,交感神经阻滞：星状神经节阻滞患者总人数占比,jg_rate,float,
stat,统计分析表,胸腰交感神经阻滞患者总人数占比,xy_rate,float,
stat,统计分析表,脑神经阻滞：三叉神经阻滞、舌咽神经阻滞患者总人数占比,n_rate,float,
stat,统计分析表,新生儿总数,baby_num,integer,
stat,统计分析表,新生儿总数占比,baby_rate,float,
stat,统计分析表,新生儿男孩数,boy_num,integer,
stat,统计分析表,新生儿男孩数占比,boy_rate,float,
stat,统计分析表,新生儿女孩数,girl_num,integer,
stat,统计分析表,新生儿女孩数占比,girl_rate,float,
stat,统计分析表,新生儿缺陷总数,def_num,integer,
stat,统计分析表,新生儿缺陷总数占比,def_rate,float,
stat,统计分析表,产科总例数,ck_num,integer,
stat,统计分析表,产科总例数占比,ck_rate,float,
stat,统计分析表,剖宫产例数,pgc_num,integer,
stat,统计分析表,剖宫产例数占比,pgc_rate,float,
stat,统计分析表,顺产例数,sc_num,integer,
stat,统计分析表,顺产例数占比,sc_rate,float,
stat,统计分析表,单胎总例数,dt_num,integer,
stat,统计分析表,单胎总例数占比,dt_rate,float,
stat,统计分析表,双胞胎总例数,sbt_num,integer,
stat,统计分析表,双胞胎总例数占比,sbt_rate,float,
stat,统计分析表,多胞胎总例数,dbt_num,integer,
stat,统计分析表,多胞胎总例数占比,dbt_rate,float,
stat,统计分析表,死胎总例数,st_num,integer,
stat,统计分析表,死胎总例数占比,st_rate,float,
stat,统计分析表,消化系统缺陷总例数,xhqx_num,integer,
stat,统计分析表,神经系统缺陷总例数,sjqx_num,integer,
stat,统计分析表,呼吸系统缺陷总例数,hxqx_num,integer,
stat,统计分析表,血液循环系统缺陷总例数,xyqx_num,integer,
stat,统计分析表,运动系统缺陷总例数,ydqx_num,integer,
stat,统计分析表,内分泌系统缺陷总例数,nfmqx_num,integer,
stat,统计分析表,泌尿系统缺陷总例数,mnqx_num,integer,
stat,统计分析表,生殖系统缺陷总例数,szqx_num,integer,
stat,统计分析表,消化系统缺陷总例数占比,xhqx_rate,float,
stat,统计分析表,神经系统缺陷总例数占比,sjqx_rate,float,
stat,统计分析表,呼吸系统缺陷总例数占比,hxqx_rate,float,
stat,统计分析表,血液循环系统缺陷总例数占比,xyqx_rate,float,
stat,统计分析表,运动系统缺陷总例数占比,ydqx_rate,float,
stat,统计分析表,内分泌系统缺陷总例数占比,nfmqx_rate,float,
stat,统计分析表,泌尿系统缺陷总例数占比,mnqx_rate,float,
stat,统计分析表,生殖系统缺陷总例数占比,szqx_rate,float,
client_org,机构表,机构名称,hospital_name,string,
client_org,机构表,机构等级,hospital_level,string,
client_org,机构表,机构类型,hospital_type,string,
client_org,机构表,科室总数,hospital_department,integer,
client_org,机构表,医师总数,hospital_doctor,integer,
client_org,机构表,联系人姓名,hospital_contacts,string,
client_org,机构表,联系方式,hospital_num,string,
client_department,科室表,科室代码,department_code,integer,
client_department,科室表,内部科室代码,inside_department_id,string,
client_department,科室表,内部科室名称,inside_department_name,string,
client_department,科室表,科室主任,director,string,
client_department,科室表,科室副主任,director2,string,
client_department,科室表,所属院区,hospital_area,string,
client_department,科室表,病床范围,sickroom_range,string,
client_department,科室表,床位数,bed,integer,
client_department,科室表,科室人数,department_num,integer,
client_department,科室表,是否启用,enable,boolean,
emr_doc,Doc表,内容,content,string,
emr_doc,Doc表,文档类型,type,string,
emr_doc,Doc表,文档创建时间,creat_time,string,
emr_doc,Doc表,文档更新时间,update_time,string,
